D:\VS_projects\save_face\save_face0.jpg;0
D:\VS_projects\save_face\save_face1.jpg;0
D:\VS_projects\save_face\save_face2.jpg;0
D:\VS_projects\save_face\save_face3.jpg;0
D:\VS_projects\save_face\save_face4.jpg;0
D:\VS_projects\save_face\save_face5.jpg;0
D:\VS_projects\save_face\save_face6.jpg;0
D:\VS_projects\save_face\save_face7.jpg;0
D:\VS_projects\save_face\save_face8.jpg;0
D:\VS_projects\save_face\save_face9.jpg;0
D:\VS_projects\save_face\save_face10.jpg;0
D:\VS_projects\save_face\save_face11.jpg;0
D:\VS_projects\save_face\save_face12.jpg;0
D:\VS_projects\save_face\save_face13.jpg;0
D:\VS_projects\save_face\save_face14.jpg;0
D:\VS_projects\save_face\save_face15.jpg;0
D:\VS_projects\save_face\save_face16.jpg;0
D:\VS_projects\save_face\save_face17.jpg;0
D:\VS_projects\save_face\save_face18.jpg;0
D:\VS_projects\save_face\save_face19.jpg;0
D:\VS_projects\save_face\save_face20.jpg;0
D:\VS_projects\save_face\save_face21.jpg;0
D:\VS_projects\save_face\save_face22.jpg;0
D:\VS_projects\save_face\save_face23.jpg;0
D:\VS_projects\save_face\save_face24.jpg;0
D:\VS_projects\save_face\save_face25.jpg;0
D:\VS_projects\save_face\save_face26.jpg;0
